finca_id,abandon_score,activity_status,median_ndvi,std_deviation,cv_percent,valid_periods
finca_00001,85.0,inactive,0.10480122505529535,0.013395143992913196,12.8,12
finca_00002,85.0,inactive,0.06648992724266482,0.008089709932174179,12.2,13
finca_00003,85.0,inactive,0.19684505716009976,0.026666281123059774,13.5,13
finca_00004,85.0,inactive,0.1131503148648669,0.016057298496763357,14.2,13
finca_00005,85.0,inactive,0.15544817272645722,0.023614343591928762,15.2,13
finca_00006,85.0,inactive,0.1666622726454861,0.02597272331128654,15.6,13
finca_00007,85.0,inactive,0.21385112227001438,0.029556452157752433,13.8,13
finca_00008,85.0,inactive,0.215653091461325,0.027674056197741433,12.8,12
finca_00009,85.0,inactive,0.1753855312185744,0.023560369289213103,13.4,13
finca_00010,85.0,inactive,0.21351900185288838,0.08137098879620312,38.1,13
finca_00011,85.0,inactive,0.06769204963347643,0.008671533629986251,12.8,13
finca_00012,85.0,inactive,0.09397507301199973,0.019798380188486803,21.1,13
finca_00013,85.0,inactive,0.10488388427278963,0.019457381945216824,18.6,13
finca_00014,85.0,inactive,0.07704898678960817,0.007973235496159659,10.3,13
finca_00015,85.0,inactive,0.07138500692100608,0.007851482346283797,11.0,13
finca_00016,85.0,inactive,0.05775548171500877,0.00870522599298237,15.1,13
finca_00017,54.2,potential,0.3578584546445405,0.05154324221050708,14.4,13
finca_00018,85.0,inactive,0.26291642291217554,0.0255773008478582,9.7,13
finca_00019,67.8,potential,0.38573516135664343,0.02443805911929651,6.3,13
finca_00020,90.6,potential,0.31527070701801563,0.018792506318732638,6.0,13
finca_00021,85.0,inactive,0.2848825811556977,0.017345250549460525,6.1,13
finca_00022,85.0,inactive,0.28457705395504274,0.02664148056057495,9.4,13
finca_00023,85.0,inactive,0.16810201684688977,0.02557473282317827,15.2,13
finca_00024,85.0,inactive,0.2078917132907,0.03978580596719209,19.1,13
finca_00025,85.0,inactive,0.26497522023027814,0.025328690433410187,9.6,12
finca_00026,85.0,inactive,0.2620794743339422,0.04157147599553805,15.9,13
finca_00027,85.0,inactive,0.11176419121847841,0.03649367940911233,32.7,13
finca_00028,85.0,inactive,0.18694801661489371,0.02996013520945276,16.0,13
finca_00029,85.0,inactive,0.1650787930747686,0.02722316314228891,16.5,13
finca_00030,85.0,inactive,0.10555487278640115,0.024983411261280328,23.7,13
finca_00031,85.0,inactive,0.21565481091605163,0.025449753037723802,11.8,13
finca_00032,85.0,inactive,0.27483535407222015,0.030058877894426884,10.9,13
finca_00033,85.0,inactive,0.22754919396111167,0.04422775557949256,19.4,13
finca_00034,85.0,inactive,0.18381176198848345,0.0891792153487667,48.5,12
finca_00035,85.0,inactive,0.2623051516369705,0.03845054345735407,14.7,12
finca_00036,85.0,inactive,0.23874119681878106,0.08814611892470435,36.9,12
finca_00037,85.0,inactive,0.2210321412015916,0.06769616810361356,30.6,12
finca_00038,85.0,inactive,0.21773947644382363,0.07349778538558996,33.8,12
finca_00039,85.0,inactive,0.2700684728324699,0.06045706343828388,22.4,12
finca_00040,85.0,inactive,0.20935332979174637,0.09045973157557656,43.2,12
finca_00041,85.0,inactive,0.23043140957144856,0.06969611685380588,30.2,12
finca_00042,85.0,inactive,0.23421531449344743,0.07821005742206931,33.4,12
finca_00043,85.0,inactive,0.22578871564156616,0.056905287127368184,25.2,12
finca_00044,85.0,inactive,0.1651559691673424,0.14195795268638522,86.0,11
finca_00045,85.0,inactive,0.23378323465062698,0.09010075941308571,38.5,11
finca_00046,85.0,inactive,0.27498727111785676,0.08122877950953221,29.5,11
finca_00047,85.0,inactive,0.25703645923186713,0.06698104177095998,26.1,11
finca_00048,85.0,inactive,0.23213379171464596,0.05992156731744819,25.8,11
finca_00049,85.0,inactive,0.24549799711134662,0.07585936020471123,30.9,12
finca_00050,100.0,potential,0.3015436079283824,0.09019979229671425,29.9,12
finca_00051,107.2,potential,0.33314415614072446,0.04555748174578054,13.7,12
finca_00052,85.0,inactive,0.2834479652765262,0.05020178031520499,17.7,13
finca_00053,85.0,inactive,0.21735062308887565,0.039094771354441706,18.0,10
finca_00054,85.0,inactive,0.25900703955589116,0.04437509878098326,17.1,12
finca_00055,85.0,inactive,0.19103555989526366,0.021041569246100917,11.0,12
finca_00056,85.0,inactive,0.2420699490889134,0.04141813155216351,17.1,13
finca_00057,85.0,inactive,0.20809913737074245,0.04941325239956385,23.7,11
finca_00058,85.0,inactive,0.19430179831323946,0.07610603199636366,39.2,11
finca_00059,85.0,inactive,0.15377861312475935,0.048490366642057386,31.5,11
finca_00060,85.0,inactive,0.15837467817211032,0.02621637865817485,16.6,13
finca_00061,85.0,inactive,0.12038694765596185,0.012725185649871563,10.6,13
finca_00062,85.0,inactive,0.20312717183521156,0.027455683613409474,13.5,12
finca_00063,85.0,inactive,0.227452208193289,0.0403592543649756,17.7,12
finca_00064,85.0,inactive,0.2647614980864877,0.043547422610765295,16.4,13
finca_00065,85.0,inactive,0.2616132440102639,0.07013750583620512,26.8,13
finca_00066,85.0,inactive,0.2758245141629275,0.04907503237595032,17.8,13
finca_00067,113.9,potential,0.3177809229216859,0.05217879605351941,16.4,13
finca_00068,85.0,inactive,0.2332984238019712,0.03675955904438094,15.8,13
finca_00069,85.0,inactive,0.2711502566006927,0.05585535443371882,20.6,13
finca_00070,124.6,potential,0.30964168999401775,0.030840042845309137,10.0,13
finca_00071,128.6,potential,0.30143598149230655,0.022854354227065495,7.6,13
finca_00072,85.0,inactive,0.19383802815271375,0.010262315999038355,5.3,13
finca_00073,85.0,inactive,0.2638623589449857,0.04112970761560869,15.6,13
finca_00074,85.0,inactive,0.25348640593263316,0.0438138575227821,17.3,13
finca_00075,85.0,inactive,0.24875722305518855,0.06928280445987844,27.9,13
finca_00076,85.0,inactive,0.22883999970571345,0.14336275355237812,62.6,13
finca_00077,98.3,potential,0.32667966957818817,0.04341104229379766,13.3,13
finca_00078,85.0,inactive,0.19192913725928176,0.0260704388681414,13.6,13
finca_00079,120.8,potential,0.3021546186609754,0.03848227612068669,12.7,13
finca_00080,85.0,inactive,0.2016330302110924,0.05102377006397052,25.3,12
finca_00081,85.0,inactive,0.16242175103162498,0.08271813754104562,50.9,11
finca_00082,85.0,inactive,0.24804506257982026,0.050754757165184725,20.5,12
finca_00083,85.0,inactive,0.22794516412652807,0.09005809144943973,39.5,12
finca_00084,85.0,inactive,0.16890372101099962,0.11026133541700323,65.3,11
finca_00085,85.0,inactive,0.23817066081458824,0.05529023040676353,23.2,12
finca_00086,85.0,inactive,0.2763116412978963,0.042399855549515315,15.3,13
finca_00087,85.0,inactive,0.2646849017869915,0.03269583715240106,12.4,13
finca_00088,85.0,inactive,0.27057585764755554,0.09301400240301455,34.4,13
finca_00089,85.0,inactive,0.2508183697921162,0.07878338400911719,31.4,12
finca_00090,85.0,inactive,0.16615453132626476,0.04417654891195251,26.6,11
finca_00091,85.0,inactive,0.219264789892073,0.035790747720094225,16.3,12
finca_00092,85.0,inactive,0.1615362224472704,0.05785758322421461,35.8,12
finca_00093,85.0,inactive,0.13703149055908745,0.046628673388376916,34.0,12
finca_00094,102.5,potential,0.30052665348020335,0.07493463435804931,24.9,12
finca_00095,85.0,inactive,0.26055496983740595,0.048533547069075804,18.6,13
finca_00096,85.0,inactive,0.2791006493633424,0.04856371373778071,17.4,13
finca_00097,85.0,inactive,0.28700842595681714,0.04010977250636212,14.0,12
finca_00098,86.2,inactive,0.2643253171558498,0.1593304248059709,60.3,12
finca_00099,85.0,inactive,0.26597426783984546,0.09869101278228316,37.1,13
finca_00100,85.0,inactive,0.2310990554476628,0.058636447954278685,25.4,11
finca_00101,85.0,inactive,0.2418542158795904,0.019254559248926075,8.0,12
finca_00102,85.0,inactive,0.22505474774112938,0.012083262587860065,5.4,12
finca_00103,85.0,inactive,0.2579445692235348,0.027823165129628964,10.8,12
finca_00104,85.0,inactive,0.23189218310308,0.0213654722014476,9.2,12
finca_00105,85.0,inactive,0.21862498551973314,0.019508152423804194,8.9,12
finca_00106,85.0,inactive,0.217490484930364,0.018220520724542378,8.4,12
finca_00107,85.0,inactive,0.24419018784980576,0.020404302731323917,8.4,12
finca_00108,85.0,inactive,0.1856294390617168,0.03505164148028658,18.9,12
finca_00109,85.0,inactive,0.2815908824092811,0.0374345745544525,13.3,12
finca_00110,85.0,inactive,0.27406414882814056,0.04072914831380819,14.9,12
finca_00111,85.0,inactive,0.17721354399730105,0.08144816152367916,46.0,13
finca_00112,85.0,inactive,0.2555183212934308,0.13480618777831843,52.8,13
finca_00113,85.0,inactive,0.29991853964373816,0.03337168916576856,11.1,12
finca_00114,122.5,potential,0.31466133031652554,0.03492094115863938,11.1,12
finca_00115,85.0,inactive,0.29201242620467505,0.051493097858842825,17.6,12
finca_00116,85.0,inactive,0.2642654392229322,0.03554664340067237,13.5,12
finca_00117,85.0,inactive,0.251967090213328,0.03359369287993276,13.3,12
finca_00118,85.0,inactive,0.2861028373379725,0.04140930420576749,14.5,12
finca_00119,85.0,inactive,0.20958095671469804,0.037742672522996096,18.0,12
finca_00120,85.0,inactive,0.2554772587154129,0.029519668980769746,11.6,12
finca_00121,85.0,inactive,0.25530609991487413,0.027741646083534976,10.9,12
finca_00122,85.0,inactive,0.20529615879555493,0.07256207804913356,35.3,13
finca_00123,85.0,inactive,0.23552212572663161,0.06813464357763664,28.9,12
finca_00124,85.0,inactive,0.2566000408645452,0.08859119334628449,34.5,12
finca_00125,85.0,inactive,0.2433088185823537,0.04963089396640249,20.4,13
finca_00126,85.0,inactive,0.2807567376256053,0.0547063061804556,19.5,13
finca_00127,85.0,inactive,0.2462026785884678,0.05063827307799794,20.6,12
finca_00128,85.0,inactive,0.23637457412481483,0.0451063292832659,19.1,12
finca_00129,85.0,inactive,0.296402155699401,0.0484372580939515,16.3,12
finca_00130,85.0,inactive,0.19183408298061377,0.06438687819675992,33.6,12
finca_00131,85.0,inactive,0.20820600559808206,0.10177241489848607,48.9,12
finca_00132,85.0,inactive,0.23563184822014493,0.10030991321605275,42.6,12
finca_00133,85.0,inactive,0.29782899846171,0.11300080062382531,37.9,12
finca_00134,85.0,inactive,0.27688675259514073,0.06808602495854793,24.6,12
finca_00135,85.0,inactive,0.22268280258460324,0.04417929515515541,19.8,12
finca_00136,85.0,inactive,0.2515045105091693,0.029041731445600502,11.5,13
finca_00137,85.0,inactive,0.22146892696979503,0.02907238305675495,13.1,13
finca_00138,85.0,inactive,0.29118477929872727,0.044082236125912395,15.1,12
finca_00139,85.0,inactive,0.208892338585637,0.09803492870524268,46.9,12
finca_00140,85.0,inactive,0.1404070807786503,0.0638755659985871,45.5,12
finca_00141,85.0,inactive,0.27587388651350525,0.03824763418472546,13.9,12
finca_00142,100.9,potential,0.311657743319462,0.03815425632283924,12.2,12
finca_00143,85.0,inactive,0.2414113800887805,0.027409394172793804,11.4,13
finca_00144,85.0,inactive,0.20101948598957195,0.05560882379962763,27.7,13
finca_00145,85.0,inactive,0.2592027556039513,0.043131592988594626,16.6,12
finca_00146,85.0,inactive,0.29847710053996745,0.0928059754490425,31.1,12
finca_00147,85.0,inactive,0.2551897193000506,0.058884094718524745,23.1,12
finca_00148,85.0,inactive,0.16344142807098977,0.0774810732116654,47.4,11
finca_00149,85.0,inactive,0.16929676370532531,0.04673003163249802,27.6,11
finca_00150,85.0,inactive,0.244600516654864,0.03068821822094993,12.5,11
finca_00151,85.0,inactive,0.27704866407263873,0.05764241333086987,20.8,12
finca_00152,85.0,inactive,0.2507624891026782,0.037304601072398844,14.9,12
finca_00153,85.0,inactive,0.20190778760986036,0.1052468322787791,52.1,12
finca_00154,85.0,inactive,0.20882530779625882,0.04008422140224213,19.2,11
finca_00155,85.0,inactive,0.1807219979348955,0.05211015528316689,28.8,11
finca_00156,85.0,inactive,0.19495052353582887,0.06056149328338652,31.1,13
finca_00157,85.0,inactive,0.16854517166061764,0.03786700002554463,22.5,11
finca_00158,85.0,inactive,0.2869997524334255,0.07376037645271892,25.7,11
finca_00159,110.2,potential,0.30229733956134813,0.03960302091091737,13.1,10
finca_00160,108.1,potential,0.3019347817553143,0.043882946474426344,14.5,10
finca_00161,109.0,potential,0.30458216826835965,0.04198754629807178,13.8,10
finca_00162,105.3,potential,0.30991024653477156,0.06936275360175166,22.4,12
finca_00163,85.0,inactive,0.1697644761874115,0.04983899233707112,29.4,12
finca_00164,85.0,inactive,0.15164087277001176,0.056841636002437454,37.5,12
finca_00165,85.0,inactive,0.22981343376900568,0.031416623627837315,13.7,13
finca_00166,85.0,inactive,0.20545775989163803,0.048014917159085846,23.4,13
finca_00167,85.0,inactive,0.2258995321775273,0.11682998331117998,51.7,12
finca_00168,85.0,inactive,0.22540523169109478,0.028866960341395072,12.8,13
finca_00169,116.7,potential,0.3150096967534921,0.04655651387505416,14.8,13
finca_00170,85.0,inactive,0.27073337185970014,0.04291943321524985,15.9,13
finca_00171,85.0,inactive,0.09131286401206425,0.010690569283528524,11.7,12
finca_00172,85.0,inactive,0.2868801536566414,0.0720587302406008,25.1,12
finca_00173,85.0,inactive,0.1057665683435354,0.008362510453347747,7.9,13
finca_00174,85.0,inactive,0.24095117097338944,0.015947751060492697,6.6,13
finca_00175,85.0,inactive,0.18114343616544692,0.0072515004638766395,4.0,13
finca_00176,85.0,inactive,0.1563357482290579,0.005062827032805837,3.2,13
finca_00177,85.0,inactive,0.2376536829253726,0.02377634060835277,10.0,13
finca_00178,85.0,inactive,0.282225004925963,0.039089622849841285,13.9,13
finca_00179,85.0,inactive,0.14721976608977597,0.022782793753847667,15.5,12
finca_00180,85.0,inactive,0.1871518759660747,0.020972709886983663,11.2,13
finca_00181,85.0,inactive,0.21642233692670573,0.05108886189663782,23.6,11
finca_00182,85.0,inactive,0.24082709297773433,0.06583792766779123,27.3,12
finca_00183,85.0,inactive,0.193166069230562,0.11053011549050337,57.2,11
finca_00184,85.0,inactive,0.23196808138993494,0.08779775112816271,37.8,11
finca_00185,85.0,inactive,0.2442308425137428,0.06377413583123014,26.1,12
finca_00186,85.0,inactive,0.193921262172127,0.08994391296082002,46.4,12
finca_00187,85.0,inactive,0.2606619414090654,0.05392352319198946,20.7,12
finca_00188,85.0,inactive,0.21498165287619977,0.0334001914784336,15.5,11
finca_00189,85.0,inactive,0.1885351015686285,0.0999498474493228,53.0,11
finca_00190,85.0,inactive,0.22194217979976827,0.10793088810496868,48.6,11
finca_00191,85.0,inactive,0.2014905396242649,0.10046746104133622,49.9,11
finca_00192,85.0,inactive,0.2154853502135203,0.09080111043023818,42.1,11
finca_00193,85.0,inactive,0.23641076902101085,0.12339792014613195,52.2,11
finca_00194,85.0,inactive,0.24232952338655295,0.05911639453119056,24.4,12
finca_00195,85.0,inactive,0.19019803730761883,0.029328375399145935,15.4,11
finca_00196,85.0,inactive,0.20333678380950904,0.03143603188265151,15.5,11
finca_00197,85.0,inactive,0.21499054009261215,0.05209319546793954,24.2,12
finca_00198,85.0,inactive,0.22562519726796615,0.05426050632846244,24.0,12
finca_00199,84.1,potential,0.3165917478262861,0.011881177520049016,3.8,13
finca_00200,85.0,inactive,0.29624912726153596,0.009087331685643968,3.1,13
finca_00201,85.0,inactive,0.19422493034872948,0.040786705771807416,21.0,13
finca_00202,85.0,inactive,0.15556493708478805,0.068815157196595,44.2,13
finca_00203,85.0,inactive,0.21411394706175638,0.10116262299764109,47.2,13
finca_00204,85.0,inactive,0.22413793103448276,0.07066101465090628,31.5,12
finca_00205,67.3,potential,0.33128075552910535,0.04535926250475838,13.7,12
finca_00206,85.0,inactive,0.2518079664601021,0.02164496676214126,8.6,11
finca_00207,85.0,inactive,0.1893454004838698,0.04641909236057149,24.5,13
finca_00208,85.0,inactive,0.2510330153880748,0.04094856011436046,16.3,13
finca_00209,85.0,inactive,0.26733615821867124,0.01212763343012776,4.5,11
finca_00210,85.0,inactive,0.2012407148628406,0.03814916821965748,19.0,13
finca_00211,85.0,inactive,0.19419126618965735,0.024743192922874156,12.7,12
finca_00212,85.0,inactive,0.2222276254724963,0.041270654874936454,18.6,12
finca_00213,85.0,inactive,0.19550387170023326,0.023941608661077838,12.2,12
finca_00214,85.0,inactive,0.1927502574776929,0.02337749741817412,12.1,12
finca_00215,85.0,inactive,0.2728398598221645,0.0343266630963617,12.6,12
finca_00216,85.0,inactive,0.2988696866382017,0.023984892297694706,8.0,12
finca_00217,111.4,potential,0.306869933207757,0.03717252944567962,12.1,12
finca_00218,85.0,inactive,0.26529482776920493,0.06335170952330275,23.9,13
finca_00219,85.0,inactive,0.13486324282482257,0.05039080685052797,37.4,11
finca_00220,85.0,inactive,0.16825193728566906,0.07358786880773892,43.7,11
finca_00221,85.0,inactive,0.190889588121586,0.06531027214065999,34.2,12
finca_00222,85.0,inactive,0.17689742647583243,0.06088187687679047,34.4,12
finca_00223,85.0,inactive,0.14123981683051956,0.049198469257338256,34.8,11
finca_00224,85.0,inactive,0.17556637154732754,0.05589294237823047,31.8,11
finca_00225,85.0,inactive,0.17915253410762078,0.048589812274432403,27.1,11
finca_00226,85.0,inactive,0.1924826989929782,0.04384335382207152,22.8,11
finca_00227,85.0,inactive,0.22817834446298127,0.09127684454427486,40.0,12
finca_00228,85.0,inactive,0.23818197022883486,0.07118481318864699,29.9,12
finca_00229,85.0,inactive,0.17515484764316172,0.06639284267846515,37.9,12
finca_00230,85.0,inactive,0.1745660019900012,0.06620385739953431,37.9,12
finca_00231,85.0,inactive,0.230677087724641,0.057345429277122634,24.9,11
finca_00232,85.0,inactive,0.21963245393930206,0.07025243535318701,32.0,11
finca_00233,85.0,inactive,0.2262844754902105,0.08011069834480618,35.4,11
finca_00234,85.0,inactive,0.23356753126770055,0.05725187476908504,24.5,11
finca_00235,85.0,inactive,0.2494623791599999,0.073171520943385,29.3,11
finca_00236,85.0,inactive,0.24639940094466295,0.07287147714434868,29.6,11
finca_00237,85.0,inactive,0.23078713336438736,0.03381176765582393,14.7,12
finca_00238,85.0,inactive,0.25925541245987554,0.06513923435898163,25.1,12
finca_00239,85.0,inactive,0.2179831570614309,0.09349645710033275,42.9,13
finca_00240,85.0,inactive,0.24744028665563214,0.07255100276287947,29.3,13
finca_00241,85.0,inactive,0.29711483574401093,0.06888609579305414,23.2,13
finca_00242,85.0,inactive,0.25864307907841705,0.0959865833278179,37.1,12
finca_00243,85.0,inactive,0.22858096256298444,0.06607290820241933,28.9,12
finca_00244,85.0,inactive,0.22305845854641512,0.05101036103544616,22.9,12
finca_00245,85.0,inactive,0.23309883621838412,0.05363933217896663,23.0,12
finca_00246,85.0,inactive,0.13018775000065444,0.026410919207708605,20.3,13
finca_00247,85.0,inactive,0.1804356645164482,0.044407983681673834,24.6,12
finca_00248,85.0,inactive,0.23834697745092484,0.02436391215583414,10.2,12
finca_00249,96.7,potential,0.3186308861633802,0.06655409906276227,20.9,13
finca_00250,85.0,inactive,0.20177983073575909,0.08609522252741594,42.7,13
finca_00251,85.0,inactive,0.20867806728418456,0.08268153270540539,39.6,13
finca_00252,85.0,inactive,0.21004546323903506,0.06737665653632285,32.1,13
finca_00253,85.0,inactive,0.19284785940201407,0.07004763165788813,36.3,13
finca_00254,85.0,inactive,0.2528054867520794,0.04916233663753109,19.4,13
finca_00255,85.0,inactive,0.2230401258336677,0.11913814107748072,53.4,13
finca_00256,85.0,inactive,0.24404785416045197,0.05904215364938991,24.2,13
finca_00257,85.0,inactive,0.2994784587948721,0.07271486156161608,24.3,13
finca_00258,85.0,inactive,0.2858623575528614,0.03908125891814554,13.7,13
finca_00259,85.0,inactive,0.23144018784635667,0.14721427953203936,63.6,13
finca_00260,85.0,inactive,0.23576785053080643,0.15605787208471944,66.2,13
finca_00261,85.0,inactive,0.22027187516919844,0.09801742431930191,44.5,13
finca_00262,85.0,inactive,0.27480001980066404,0.1286793032728029,46.8,13
finca_00263,85.0,inactive,0.22500345259369298,0.06595617770695435,29.3,12
finca_00264,85.0,inactive,0.2003048171574992,0.05408588761931631,27.0,13
finca_00265,85.0,inactive,0.26850205034915514,0.04199699263999424,15.6,13
finca_00266,85.0,inactive,0.22957668213969026,0.03691798553899736,16.1,13
finca_00267,85.0,inactive,0.1858581095120113,0.07032041229748066,37.8,13
finca_00268,85.0,inactive,0.21515828936930093,0.06847143501663684,31.8,13
finca_00269,85.0,inactive,0.19182835485613675,0.060694365137477675,31.6,13
finca_00270,85.0,inactive,0.1979596216649203,0.011222455642982172,5.7,12
finca_00271,85.0,inactive,0.23227077808920682,0.05139105965545712,22.1,13
finca_00272,85.0,inactive,0.2041736746148893,0.043440512885360515,21.3,13
finca_00273,85.0,inactive,0.23730100593604853,0.022325927312617316,9.4,12
finca_00274,85.0,inactive,0.1810151798770873,0.014539244818340905,8.0,12
finca_00275,85.0,inactive,0.06793210513095792,0.01178692160086694,17.4,13
finca_00276,85.0,inactive,0.07203156022718353,0.010725800671014836,14.9,13
finca_00277,85.0,inactive,0.20726252744770435,0.0484963791131917,23.4,13
finca_00278,85.0,inactive,0.22222167579137694,0.029863049802257603,13.4,12
finca_00279,85.0,inactive,0.2560079237243931,0.04137567941248928,16.2,13
finca_00280,85.0,inactive,0.23907657112761296,0.045271018294804906,18.9,12
finca_00281,85.0,inactive,0.200516019582089,0.04461864424160712,22.3,13
finca_00282,85.0,inactive,0.24717020340423612,0.055882847523970054,22.6,12
finca_00283,114.8,potential,0.30018196592239016,0.05049520636024949,16.8,12
finca_00284,85.0,inactive,0.24584390503070336,0.10142048087635193,41.3,12
finca_00285,85.0,inactive,0.293693858316925,0.040768151190053385,13.9,13
finca_00286,85.0,inactive,0.24864969430369574,0.04034865413406248,16.2,13
finca_00287,104.5,potential,0.3259132938415439,0.05101761381509422,15.7,12
finca_00288,85.0,inactive,0.20941303662128727,0.06143978130015498,29.3,12
finca_00289,85.0,inactive,0.2390834814172398,0.05001847412482716,20.9,13
finca_00290,85.0,inactive,0.24864218607088326,0.04616220835190953,18.6,12
finca_00291,111.3,potential,0.30759183326038164,0.057489520635754965,18.7,13
finca_00292,85.0,inactive,0.2220305099333359,0.11702899393482899,52.7,12
finca_00293,85.0,inactive,0.20230302854274307,0.0959375115273436,47.4,13
finca_00294,85.0,inactive,0.2571615251231668,0.031336763269997285,12.2,12
finca_00295,85.0,inactive,0.2349657396830753,0.0654560305596269,27.9,13
finca_00296,85.0,inactive,0.25914493489690205,0.028230141641412805,10.9,12
finca_00297,106.6,potential,0.3244747539302716,0.026849127187694763,8.3,12
finca_00298,85.0,inactive,0.2946889582313238,0.06542276278469945,22.2,13
finca_00299,85.0,inactive,0.2804016389759837,0.039650248329675175,14.1,13
finca_00300,85.0,inactive,0.2321033779057555,0.03149497809372162,13.6,13
finca_00301,85.0,inactive,0.25865712211067604,0.0337561977627523,13.1,13
finca_00302,85.0,inactive,0.18904385563902695,0.030454135550721653,16.1,13
finca_00303,85.0,inactive,0.16970194311304457,0.033016081579667796,19.5,13
finca_00304,85.0,inactive,0.18602558513471337,0.0261181113502937,14.0,13
finca_00305,85.0,inactive,0.19339156940847596,0.08508350073361512,44.0,13
finca_00306,85.0,inactive,0.27440904407283606,0.03924632370492448,14.3,13
finca_00307,85.0,inactive,0.21529923143241708,0.02674282183543161,12.4,13
finca_00308,85.0,inactive,0.24707197615555213,0.0241685195239505,9.8,12
finca_00309,85.0,inactive,0.2289571927019569,0.00927952618678847,4.1,12
finca_00310,85.0,inactive,0.24068703766780034,0.008521318750616482,3.5,12
finca_00311,85.0,inactive,0.24916237619488296,0.060527834998556455,24.3,13
finca_00312,85.0,inactive,0.20276209354169622,0.03677742348830227,18.1,13
finca_00313,85.0,inactive,0.25555986489005283,0.051773017727698864,20.3,13
finca_00314,85.0,inactive,0.24832745958169916,0.059267408086654566,23.9,13
finca_00315,85.0,inactive,0.27300903275732724,0.08482696296447476,31.1,13
finca_00316,85.0,inactive,0.28410719835333115,0.045813970304223385,16.1,13
finca_00317,85.0,inactive,0.23570761071350824,0.06485323475054033,27.5,13
finca_00318,85.0,inactive,0.228941886617432,0.028870715071974307,12.6,13
finca_00319,85.0,inactive,0.20698252139063097,0.03993003833582081,19.3,13
finca_00320,85.0,inactive,0.2888349892304312,0.0159032318944193,5.5,13
finca_00321,85.0,inactive,0.26534651424860933,0.02916164715213724,11.0,13
finca_00322,85.0,inactive,0.25013296801322576,0.03152239019382112,12.6,13
finca_00323,85.0,inactive,0.2720582401816452,0.013878196886388385,5.1,13
finca_00324,85.0,inactive,0.22024456812861332,0.02145402989044408,9.7,13
finca_00325,85.0,inactive,0.26893809020507137,0.04437196716367821,16.5,12
finca_00326,85.0,inactive,0.25681851742628475,0.0318465695812166,12.4,11
finca_00327,115.7,potential,0.3043113607826356,0.04856612430885532,16.0,12
finca_00328,85.0,inactive,0.18423687222107468,0.0860482292844246,46.7,13
finca_00329,85.0,inactive,0.2255943613067118,0.07030826111236728,31.2,12
finca_00330,85.0,inactive,0.13822707277922236,0.12087307074716395,87.4,13
finca_00331,85.0,inactive,0.16352280925025586,0.07070910604776935,43.2,13
finca_00332,85.0,inactive,0.22253870818682336,0.08126683808776998,36.5,13
finca_00333,85.0,inactive,0.1355954507174001,0.09392222224825444,69.3,12
finca_00334,85.0,inactive,0.20921827204418322,0.0761238858187951,36.4,13
finca_00335,85.0,inactive,0.14820859912102854,0.04453889644523684,30.1,12
finca_00336,85.0,inactive,0.2503529118692662,0.07520983461606609,30.0,13
finca_00337,85.0,inactive,0.20707171889179576,0.05671232351553904,27.4,13
finca_00338,85.0,inactive,0.214747167538121,0.06053652205905613,28.2,13
finca_00339,85.0,inactive,0.24689067544706775,0.06140706582514927,24.9,13
finca_00340,85.0,inactive,0.2496042697625935,0.049921831265307054,20.0,13
finca_00341,85.0,inactive,0.20031819873174003,0.035813514194886716,17.9,13
finca_00342,85.0,inactive,0.19544819452849016,0.060912422992340176,31.2,13
finca_00343,85.0,inactive,0.2089236013375721,0.04367350821230272,20.9,13
finca_00344,85.0,inactive,0.24649804173019346,0.060267894904845055,24.4,13
finca_00345,85.0,inactive,0.2525510663256008,0.05263206024901697,20.8,13
finca_00346,85.0,inactive,0.19270736623837753,0.08587023650494692,44.6,12
finca_00347,85.0,inactive,0.21432220434107416,0.04464335311923704,20.8,12
finca_00348,60.2,potential,0.36717971429185114,0.0395651380912737,10.8,12
finca_00349,85.0,inactive,0.28760990838910017,0.03725754636853121,13.0,12
finca_00350,116.7,potential,0.300015179982115,0.04653564538236634,15.5,12
finca_00351,116.8,potential,0.31675390447900414,0.04635034158532913,14.6,12
finca_00352,85.0,inactive,0.28422655779455075,0.04768223404935406,16.8,12
finca_00353,119.2,potential,0.31252377743343523,0.041620924981513874,13.3,12
finca_00354,85.0,inactive,0.16708256893056064,0.04667626581851864,27.9,12
finca_00355,85.0,inactive,0.2310552365593869,0.07144779523086765,30.9,13
finca_00356,85.0,inactive,0.22445299189207507,0.08384477714359606,37.4,13
finca_00357,85.0,inactive,0.23468285972440156,0.054563359538560535,23.2,12
finca_00358,85.0,inactive,0.2833391318244115,0.03148848522053458,11.1,12
finca_00359,85.0,inactive,0.2120507065401045,0.03815795696298705,18.0,12
finca_00360,85.0,inactive,0.19370585114463326,0.055172950047573825,28.5,12
finca_00361,85.0,inactive,0.293980081575984,0.04797641043255955,16.3,13
finca_00362,85.0,inactive,0.29159288799562144,0.09708493588682011,33.3,13
finca_00363,85.0,inactive,0.19833109992192854,0.05480204739191329,27.6,12
finca_00364,85.0,inactive,0.2348716928600881,0.09949528485375081,42.4,12
finca_00365,85.0,inactive,0.25643794037321316,0.039440926669344914,15.4,12
finca_00366,85.0,inactive,0.2579471484811747,0.03657517934833515,14.2,12
finca_00367,85.0,inactive,0.23995670689746457,0.02729278490449118,11.4,12
finca_00368,85.0,inactive,0.19857691788877277,0.0241626249907811,12.2,12
finca_00369,85.0,inactive,0.1597849442765065,0.012847486916800358,8.0,13
finca_00370,85.0,inactive,0.22811533234344314,0.02282850327299061,10.0,13
finca_00371,85.0,inactive,0.21887586276404936,0.02178659953125516,10.0,13
finca_00372,85.0,inactive,0.0685596878881152,0.008080896064162988,11.8,13
finca_00373,115.2,potential,0.31581404768588134,0.029693832098671675,9.4,13
finca_00374,85.0,inactive,0.2967675140565691,0.023948962395632534,8.1,13
finca_00375,85.3,potential,0.33126831425464054,0.0294047376941583,8.9,13
finca_00376,85.0,inactive,0.20740963017502467,0.03750197241268687,18.1,13
finca_00377,85.0,inactive,0.291873564878137,0.08090022772654601,27.7,13
finca_00378,85.0,inactive,0.20522200702962484,0.09035095062516581,44.0,12
finca_00379,85.0,inactive,0.25637976887545993,0.07878851332828028,30.7,13
finca_00380,85.0,inactive,0.19678116524233955,0.1500591927667135,76.3,12
finca_00381,85.0,inactive,0.21514219303124144,0.0985594156025246,45.8,13
finca_00382,85.0,inactive,0.28696418285119946,0.12522651163928802,43.6,13
finca_00383,85.0,inactive,0.23563357020398518,0.07180031946628167,30.5,13
finca_00384,85.0,inactive,0.22547983092578774,0.03706993631270978,16.4,13
finca_00385,85.0,inactive,0.231273495472226,0.14017158093210558,60.6,13
finca_00386,85.0,inactive,0.24042463274187706,0.07486397290122247,31.1,13
finca_00387,85.0,inactive,0.2048181319004529,0.054131446868766885,26.4,13
finca_00388,85.0,inactive,0.2173938578356597,0.06423799281600973,29.5,13
finca_00389,85.0,inactive,0.2076687058323144,0.13712491271557548,66.0,13
finca_00390,85.0,inactive,0.2574039616434005,0.07774012323915944,30.2,13
finca_00391,85.0,inactive,0.2851642223555885,0.03288322488192485,11.5,13
finca_00392,85.0,inactive,0.23657081216372638,0.08934972171986011,37.8,13
finca_00393,85.0,inactive,0.24220910760494416,0.02456163883778915,10.1,12
finca_00394,85.0,inactive,0.25586230253595504,0.027641248129148473,10.8,12
finca_00395,85.0,inactive,0.1641058703212731,0.03905667660583658,23.8,12
finca_00396,85.0,inactive,0.2623297672157255,0.05990167438804219,22.8,12
finca_00397,85.0,inactive,0.26389335161170646,0.051975177044451426,19.7,12
finca_00398,85.0,inactive,0.2627729084217006,0.08274927117297612,31.5,12
finca_00399,85.0,inactive,0.1289196450275881,0.03216521036312326,24.9,12
finca_00400,85.0,inactive,0.19504807752447792,0.09051555955260819,46.4,13
finca_00401,85.0,inactive,0.21972515089245487,0.11584070076926152,52.7,12
finca_00402,85.0,inactive,0.24891297483068653,0.1257859019628281,50.5,12
finca_00403,85.0,inactive,0.29010653421443017,0.0682029694554649,23.5,13
finca_00404,85.0,inactive,0.22778055012362758,0.06919412043125521,30.4,12
finca_00405,85.0,inactive,0.2804572993537402,0.10129680755829659,36.1,12
finca_00406,85.0,inactive,0.1782372777498244,0.09641076386207334,54.1,12
finca_00407,85.0,inactive,0.2613940348057964,0.09212625306601302,35.2,12
finca_00408,109.6,potential,0.3033240502305758,0.0407896089181365,13.4,11
finca_00409,85.0,inactive,0.28414251562800685,0.06235524362564359,21.9,12
finca_00410,85.0,inactive,0.22455782416939168,0.08275915979172564,36.9,12
finca_00411,58.7,potential,0.35386049168058104,0.04264821200217342,12.1,12
finca_00412,85.0,inactive,0.27739781011189274,0.06842138995973356,24.7,12
finca_00413,104.1,potential,0.3277835974163704,0.07179877556265435,21.9,12
finca_00414,85.0,inactive,0.2780727005567954,0.12495443925237718,44.9,12
finca_00415,85.0,inactive,0.24421554266382334,0.09062255072176198,37.1,12
finca_00416,85.0,inactive,0.2545084437372994,0.09806254629163443,38.5,12
finca_00417,85.0,inactive,0.19627808547018596,0.0914424773785041,46.6,12
finca_00418,85.0,inactive,0.2333237709758555,0.083193857623537,35.7,13
finca_00419,85.0,inactive,0.2071515870092937,0.09792428876779755,47.3,12
finca_00420,85.0,inactive,0.29177684792704606,0.0701507671204613,24.0,12
finca_00421,85.0,inactive,0.2916648668392713,0.07504749141830999,25.7,12
finca_00422,85.0,inactive,0.2138358607991167,0.049614647884769034,23.2,13
finca_00423,85.0,inactive,0.2388360064273138,0.11013421498415882,46.1,12
finca_00424,85.0,inactive,0.26717086285368136,0.13775276639763037,51.6,12
finca_00425,85.0,inactive,0.24797429248668665,0.04490507153133322,18.1,12
finca_00426,85.0,inactive,0.22002020940218153,0.03244526198607147,14.7,13
finca_00427,85.0,inactive,0.1728261373724621,0.055416763439513766,32.1,12
finca_00428,85.0,inactive,0.2523442655555194,0.061914091211631446,24.5,12
finca_00429,85.0,inactive,0.22830705738658355,0.09719298864474289,42.6,12
finca_00430,85.0,inactive,0.2018333439075516,0.06319445684812029,31.3,13
finca_00431,85.0,inactive,0.24242320716936677,0.12570766654664664,51.9,13
finca_00432,117.5,potential,0.30644880006926145,0.04508678549476603,14.7,12
finca_00433,117.1,potential,0.317742743512287,0.04576832655293381,14.4,12
finca_00434,85.0,inactive,0.2657266209433335,0.02177950000395253,8.2,12
finca_00435,85.0,inactive,0.1978843378189061,0.1260610201251012,63.7,12
finca_00436,85.0,inactive,0.18595311843878073,0.09453807094619256,50.8,12
finca_00437,85.0,inactive,0.2632930234646573,0.09597975739818237,36.5,12
finca_00438,85.0,inactive,0.23653671528460124,0.10506177635222282,44.4,12
finca_00439,85.0,inactive,0.22417382993321805,0.10959928108824542,48.9,12
finca_00440,85.0,inactive,0.231836483575807,0.057374928245621466,24.7,13
finca_00441,85.0,inactive,0.24528097824394887,0.04939999430337554,20.1,12
finca_00442,85.0,inactive,0.20296639280047662,0.05262515404725681,25.9,13
finca_00443,85.0,inactive,0.17832490129816744,0.045610803362748,25.6,13
finca_00444,85.0,inactive,0.18974391080285746,0.1016314894042163,53.6,13
finca_00445,85.0,inactive,0.25888832964865305,0.11196570464557257,43.2,12
finca_00446,85.0,inactive,0.21315501885365673,0.09721275081832194,45.6,12
finca_00447,85.0,inactive,0.23664988139419993,0.05284355750544094,22.3,12
finca_00448,85.0,inactive,0.2726107042936452,0.12070465499188383,44.3,12
finca_00449,85.0,inactive,0.2331915962352248,0.11611090395845867,49.8,12
finca_00450,85.0,inactive,0.25934516022519627,0.03733382744050204,14.4,12
finca_00451,85.0,inactive,0.22794180196994765,0.03319844538256453,14.6,12
finca_00452,85.0,inactive,0.22091969538238873,0.04011229644532081,18.2,13
finca_00453,85.0,inactive,0.278021670330424,0.043119408245325994,15.5,12
finca_00454,85.0,inactive,0.21050197125451667,0.08039835407578999,38.2,13
finca_00455,85.0,inactive,0.2590468643726571,0.04688269432631457,18.1,12
finca_00456,85.0,inactive,0.21905288431394235,0.04689766657424699,21.4,12
finca_00457,85.0,inactive,0.23448385119463563,0.04331825975282221,18.5,12
finca_00458,85.0,inactive,0.19373524372554463,0.022166322976836222,11.4,12
finca_00459,85.0,inactive,0.22100193365823897,0.05814861697596146,26.3,12
finca_00460,85.0,inactive,0.2453598509449016,0.03044628810982776,12.4,12
finca_00461,85.0,inactive,0.29728866949510707,0.03692316052633427,12.4,12
finca_00462,85.0,inactive,0.2760463958076293,0.038131579527105636,13.8,12
finca_00463,85.0,inactive,0.22552159681099798,0.06120932170220835,27.1,13
finca_00464,85.0,inactive,0.23148967775278464,0.02479323056093777,10.7,12
finca_00465,85.0,inactive,0.28228232801817266,0.033219610883097286,11.8,12
finca_00466,85.0,inactive,0.21199545009912146,0.025141700419495858,11.9,12
finca_00467,85.0,inactive,0.2016358916781611,0.05319102315319082,26.4,13
finca_00468,85.0,inactive,0.2697693214210388,0.0553228779268958,20.5,13
finca_00469,85.0,inactive,0.20790073224139702,0.05290357326429669,25.4,13
finca_00470,85.0,inactive,0.22827445646144714,0.06380544411334896,28.0,13
finca_00471,85.0,inactive,0.1946123758582575,0.0934498787098377,48.0,13
finca_00472,85.0,inactive,0.2911689988364446,0.031590367477262016,10.8,12
finca_00473,85.0,inactive,0.2578720589274843,0.031044509345795338,12.0,12
finca_00474,116.6,potential,0.30135659584049185,0.046882326946808876,15.6,12
finca_00475,115.4,potential,0.31862778392463187,0.049168880535054596,15.4,12
finca_00476,85.0,inactive,0.22087754440106325,0.08318097400877848,37.7,12
finca_00477,85.0,inactive,0.23936848228476393,0.05654155125472961,23.6,12
finca_00478,85.0,inactive,0.2439237631402479,0.05551843056049294,22.8,12
finca_00479,85.0,inactive,0.1924476004567063,0.05127074399126544,26.6,12
finca_00480,85.0,inactive,0.16395503806349968,0.05838124611782527,35.6,12
finca_00481,85.0,inactive,0.17642856813346047,0.05363170299815771,30.4,12
finca_00482,85.0,inactive,0.146199500839033,0.05089104331021128,34.8,12
finca_00483,85.0,inactive,0.1930662921377948,0.025425118681848595,13.2,12
finca_00484,85.0,inactive,0.23870631423378585,0.09143411365922494,38.3,12
finca_00485,85.0,inactive,0.2340710814103666,0.06959526804736785,29.7,12
finca_00486,85.0,inactive,0.2187850683812061,0.024517196267103445,11.2,13
finca_00487,85.0,inactive,0.28360500673427896,0.03137153855795342,11.1,13
finca_00488,85.0,inactive,0.2514556058422788,0.038298527302625354,15.2,13
finca_00489,85.0,inactive,0.2150486771363946,0.032419917376832176,15.1,13
finca_00490,85.0,inactive,0.272844994795269,0.04429290043677911,16.2,13
finca_00491,85.0,inactive,0.2058328812055996,0.0344588523347764,16.7,13
finca_00492,85.0,inactive,0.21815134831799968,0.031032338911471825,14.2,13
finca_00493,85.0,inactive,0.21483621544994208,0.012592076658979393,5.9,13
finca_00494,115.2,potential,0.31254670985215294,0.04957776929885286,15.9,12
finca_00495,119.1,potential,0.30654653005927635,0.04180116451545631,13.6,12
finca_00496,85.0,inactive,0.285566201412156,0.033946137134277576,11.9,12
finca_00497,85.0,inactive,0.25397814364811316,0.028191692988077457,11.1,13
finca_00498,85.0,inactive,0.20210843511710178,0.06601343285631601,32.7,13
finca_00499,85.0,inactive,0.29951409353364145,0.046297951316427104,15.5,13
finca_00500,85.0,inactive,0.25306416726748376,0.04215942000296979,16.7,13
finca_00501,85.0,inactive,0.22620124951876439,0.058118279365261885,25.7,12
finca_00502,85.0,inactive,0.2018508424518267,0.0678428763827533,33.6,12
finca_00503,85.0,inactive,0.20470034621177402,0.06610337730384203,32.3,12
finca_00504,85.0,inactive,0.18206379846874604,0.06766572154848055,37.2,12
finca_00505,85.0,inactive,0.2333149269444767,0.06542831273015244,28.0,13
finca_00506,112.7,potential,0.3360853198649915,0.05452638787413664,16.2,12
finca_00507,85.0,inactive,0.23876042855436846,0.023565724447543873,9.9,12
finca_00508,85.0,inactive,0.22589961514714157,0.03880867758175977,17.2,13
finca_00509,85.0,inactive,0.21632966116083982,0.00988064350898304,4.6,12
finca_00510,85.0,inactive,0.22050849209045023,0.04527385412833432,20.5,12
finca_00511,85.0,inactive,0.25202211192371926,0.041187240846003316,16.3,12
finca_00512,85.0,inactive,0.19544944467492784,0.05342180582315379,27.3,12
finca_00513,85.0,inactive,0.16835904985665184,0.0567702919616451,33.7,13
finca_00514,85.0,inactive,0.16973372480934248,0.054209011406700425,31.9,13
finca_00515,85.0,inactive,0.25569017290600604,0.045626361985692906,17.8,12
finca_00516,85.0,inactive,0.17213031964304007,0.04303849228550854,25.0,12
finca_00517,85.0,inactive,0.16944016797456235,0.05032725187366518,29.7,12
finca_00518,85.0,inactive,0.21464578242811788,0.11225677053707692,52.3,12
finca_00519,85.0,inactive,0.21334390854202603,0.04506842246580027,21.1,13
finca_00520,85.0,inactive,0.21072786484247533,0.054299979528607656,25.8,13
finca_00521,85.0,inactive,0.22543884945499096,0.04185878203644858,18.6,13
finca_00522,85.0,inactive,0.23126326111167733,0.0318811763965816,13.8,11
finca_00523,85.0,inactive,0.2264909291023633,0.03087212004777877,13.6,12
finca_00524,85.0,inactive,0.20251019954280539,0.029162608543513525,14.4,11
finca_00525,85.0,inactive,0.20777842455356096,0.03281108069793869,15.8,11
finca_00526,85.0,inactive,0.23878153934434923,0.037295224161646726,15.6,13
finca_00527,85.0,inactive,0.2898717219645758,0.03748921703060354,12.9,12
finca_00528,85.0,inactive,0.2717870214212823,0.04419853771280111,16.3,12
finca_00529,85.0,inactive,0.22665229952498706,0.02961271799380335,13.1,12
finca_00530,85.0,inactive,0.2653803537080709,0.029654581519802665,11.2,12
finca_00531,85.0,inactive,0.20974675706945364,0.05246186935216189,25.0,13
finca_00532,85.0,inactive,0.19964261495343189,0.06800061641967939,34.1,13
finca_00533,85.0,inactive,0.18086214005272896,0.07845550036442406,43.4,13
finca_00534,85.0,inactive,0.23450013735475472,0.02324082008202646,9.9,13
finca_00535,85.0,inactive,0.21470771315007395,0.048348542137526644,22.5,13
finca_00536,85.0,inactive,0.24579147281481487,0.07490213262365256,30.5,13
finca_00537,85.0,inactive,0.19502173092199285,0.03396294478988463,17.4,13
finca_00538,85.0,inactive,0.21362902834059475,0.050701771611997216,23.7,13
finca_00539,85.0,inactive,0.21701733153505304,0.0387841021859542,17.9,13
finca_00540,85.0,inactive,0.22118569291019538,0.022638687609163387,10.2,13
finca_00541,85.0,inactive,0.20761663854037643,0.020583651360940404,9.9,13
finca_00542,85.0,inactive,0.2601766278274732,0.04080037855829686,15.7,13
finca_00543,85.0,inactive,0.24475428393619875,0.0406299212761257,16.6,13
finca_00544,85.0,inactive,0.249738953979483,0.03871807588208021,15.5,13
finca_00545,85.0,inactive,0.26242399484938017,0.03569036292796386,13.6,13
finca_00546,85.0,inactive,0.2577545817446546,0.07194095664237075,27.9,13
finca_00547,85.0,inactive,0.21721128979266183,0.025445791786569395,11.7,13
finca_00548,85.0,inactive,0.20027567979390912,0.03490981284309788,17.4,13
finca_00549,85.0,inactive,0.23713075500086067,0.03180630183032956,13.4,13
finca_00550,85.0,inactive,0.18369892695634163,0.017488486889842177,9.5,13
finca_00551,85.0,inactive,0.24385235115584575,0.039125854897419765,16.0,13
finca_00552,85.0,inactive,0.21563207321501932,0.04447250386558416,20.6,13
finca_00553,85.0,inactive,0.29540469844766254,0.03069963857264691,10.4,13
finca_00554,94.9,potential,0.3161611665987877,0.030295280267096977,9.6,13
finca_00555,85.0,inactive,0.29946474729241573,0.03458014815175418,11.5,13
finca_00556,85.0,inactive,0.24382515080602035,0.033720042569825436,13.8,13
finca_00557,85.0,inactive,0.217973726538392,0.016327179275295475,7.5,13
finca_00558,85.0,inactive,0.24847268339135659,0.03074789033139421,12.4,13
finca_00559,85.0,inactive,0.27531574847369455,0.04089179523381636,14.9,13
finca_00560,85.0,inactive,0.2825704392714181,0.036731130804613696,13.0,13
finca_00561,85.0,inactive,0.25889816413256544,0.038716556327284435,15.0,13
finca_00562,85.0,inactive,0.2185606448467077,0.05532728772338245,25.3,13
finca_00563,117.4,potential,0.3013178048215783,0.04517063535323904,15.0,13
finca_00564,121.0,potential,0.3059440729241734,0.03800941305913838,12.4,13
finca_00565,85.0,inactive,0.20524213408991718,0.07569437244100857,36.9,12
finca_00566,85.0,inactive,0.18657337136965021,0.11618947750149984,62.3,13
finca_00567,85.0,inactive,0.23310725198417598,0.030006750504563227,12.9,13
finca_00568,85.0,inactive,0.23746892709273032,0.04330845171505386,18.2,13
finca_00569,85.0,inactive,0.25079290208218463,0.07186728429282335,28.7,13
finca_00570,85.0,inactive,0.25438331441533146,0.029226928720666016,11.5,13
finca_00571,85.0,inactive,0.2253418012406825,0.10941326219112452,48.6,12
finca_00572,85.0,inactive,0.20839072044083776,0.027281714431806877,13.1,13
finca_00573,85.0,inactive,0.2745894240563107,0.05094790178387752,18.6,13
finca_00574,85.0,inactive,0.29832351422948367,0.04781008337441906,16.0,13
finca_00575,109.5,potential,0.3215814974263695,0.040911558986692624,12.7,13
finca_00576,85.0,inactive,0.227396233671629,0.04052333357661109,17.8,13
finca_00577,115.2,potential,0.30356534884568487,0.04951997880687799,16.3,13
finca_00578,85.0,inactive,0.2128898455976981,0.061706765927752746,29.0,13
finca_00579,85.0,inactive,0.17311046826327187,0.02804015077690776,16.2,13
finca_00580,85.0,inactive,0.22269127082087503,0.10249885412123351,46.0,12
finca_00581,85.0,inactive,0.2723398473582963,0.06725148728395931,24.7,13
finca_00582,85.0,inactive,0.292234361781193,0.06880314612297558,23.5,13
finca_00583,85.0,inactive,0.26850906309394085,0.04555231562031798,17.0,13
finca_00584,85.0,inactive,0.24139551170011112,0.05107808191308777,21.2,13
finca_00585,85.0,inactive,0.23566411261050452,0.04111975452780283,17.4,13
finca_00586,85.0,inactive,0.250007628915221,0.0548186461038136,21.9,13
finca_00587,85.0,inactive,0.2745924495505918,0.02866788105777895,10.4,13
finca_00588,85.0,inactive,0.24309201904177255,0.028119700313116853,11.6,13
finca_00589,85.0,inactive,0.2380171071887427,0.15267198924624503,64.1,13
finca_00590,85.0,inactive,0.2594607618699575,0.06873640964863194,26.5,13
finca_00591,85.0,inactive,0.2462415301895558,0.04835279210567001,19.6,13
finca_00592,85.0,inactive,0.272289914733929,0.0456452033621516,16.8,13
finca_00593,85.0,inactive,0.24977026650498235,0.02551170984140743,10.2,13
finca_00594,85.0,inactive,0.2700056915171021,0.025714250460770718,9.5,13
finca_00595,85.0,inactive,0.2808229532374117,0.05435517964336954,19.4,13
finca_00596,85.0,inactive,0.2513851115767836,0.03411110255142272,13.6,13
finca_00597,85.0,inactive,0.1861293099755852,0.023259135379392473,12.5,13
finca_00598,85.0,inactive,0.20754261790551845,0.023052063199653913,11.1,13
finca_00599,85.0,inactive,0.23432608184042822,0.05821704439934738,24.8,13
finca_00600,85.0,inactive,0.24534025145194235,0.06290595631033043,25.6,11
finca_00601,85.0,inactive,0.2655816238675044,0.11272852498335484,42.4,12
finca_00602,85.0,inactive,0.22843559969765692,0.06520751719235013,28.5,12
finca_00603,85.0,inactive,0.14646900564968376,0.07731498779914416,52.8,13
finca_00604,85.0,inactive,0.27015986741591125,0.0421456771895684,15.6,12
finca_00605,85.0,inactive,0.24620267749543648,0.041633579360342045,16.9,11
finca_00606,85.0,inactive,0.2469424928441322,0.03883796548287717,15.7,12
finca_00607,85.0,inactive,0.22181856327333896,0.12600805351852332,56.8,13
finca_00608,85.0,inactive,0.27248655445763276,0.031003615888104023,11.4,13
finca_00609,85.0,inactive,0.21447634106312594,0.030314392213878834,14.1,11
finca_00610,85.0,inactive,0.2005103454039773,0.08983325195961078,44.8,13
finca_00611,85.0,inactive,0.18391177239224374,0.07704102651946186,41.9,13
finca_00612,85.0,inactive,0.2236944126524153,0.07755148553056278,34.7,12
finca_00613,85.0,inactive,0.28118031879305305,0.05783018440282918,20.6,13
finca_00614,85.0,inactive,0.19678171212934314,0.09242930159629102,47.0,13
finca_00615,85.0,inactive,0.2194148361845544,0.06504852327154356,29.6,12
finca_00616,85.0,inactive,0.2453566181106242,0.07657277208616772,31.2,12
finca_00617,85.0,inactive,0.2560517437610804,0.034902619518479845,13.6,12
finca_00618,85.0,inactive,0.24801257568763777,0.02401346260223245,9.7,12
finca_00619,85.0,inactive,0.20008173058398332,0.029796412188965213,14.9,11
finca_00620,85.0,inactive,0.20090575347485437,0.0664097937017284,33.1,11
finca_00621,85.0,inactive,0.19231754404869267,0.04762442232802764,24.8,11
finca_00622,85.0,inactive,0.18494115187666907,0.046455886387487204,25.1,11
finca_00623,85.0,inactive,0.2090387956667804,0.03872696973353778,18.5,13
finca_00624,85.0,inactive,0.2666787679814908,0.040647917655394876,15.2,11
finca_00625,85.0,inactive,0.2511869331153963,0.0299325576953554,11.9,11
finca_00626,85.0,inactive,0.1495464906515617,0.09514488177383668,63.6,12
finca_00627,85.0,inactive,0.18463239358761746,0.09791325412994789,53.0,13
finca_00628,85.0,inactive,0.2254344787309684,0.03939153336299324,17.5,12
finca_00629,85.0,inactive,0.27398891251233043,0.06129395608794781,22.4,13
finca_00630,85.0,inactive,0.23026398688901442,0.02060805075786672,8.9,13
finca_00631,85.0,inactive,0.2431325030236332,0.0493148007612393,20.3,13
