finca_id,pool_detected,state,confidence,area_px,bbox
finca_00001,1,green,0.100,10915,"(64, 272, 147, 486)"
finca_00002,1,green,0.100,33577,"(967, 251, 1216, 426)"
finca_00003,1,green,0.100,15336,"(1134, 909, 1216, 1169)"
finca_00004,1,green,0.100,2574,"(348, 672, 404, 738)"
finca_00005,1,green,0.100,53435,"(513, 149, 856, 424)"
finca_00006,1,green,0.100,35665,"(343, 708, 574, 1015)"
finca_00007,1,green,0.100,17716,"(703, 1036, 853, 1216)"
finca_00008,1,green,0.100,16498,"(857, 64, 1096, 170)"
finca_00009,1,green,0.100,72816,"(640, 710, 1020, 1053)"
finca_00010,1,green,0.100,9058,"(1002, 1140, 1162, 1216)"
finca_00011,1,green,0.100,11623,"(64, 1113, 269, 1216)"
finca_00012,1,green,0.100,7060,"(550, 223, 670, 304)"
finca_00013,1,green,0.100,7075,"(201, 154, 321, 237)"
finca_00014,1,green,0.100,2601,"(793, 911, 856, 964)"
finca_00015,0,unknown,0.000,0,
finca_00016,1,green,0.100,38681,"(978, 734, 1216, 1039)"
finca_00017,1,green,0.100,336863,"(64, 64, 1216, 550)"
finca_00018,1,green,0.100,232938,"(218, 640, 880, 1216)"
finca_00019,1,green,0.100,671112,"(64, 64, 1216, 1216)"
finca_00020,1,green,0.100,36373,"(64, 64, 258, 330)"
finca_00021,1,green,0.100,15929,"(64, 1100, 256, 1216)"
finca_00022,1,green,0.100,132009,"(939, 277, 1216, 1048)"
finca_00023,1,green,0.100,62192,"(140, 1045, 680, 1216)"
finca_00024,1,green,0.100,88113,"(64, 64, 413, 500)"
finca_00025,1,green,0.100,10267,"(911, 600, 1016, 735)"
finca_00026,1,green,0.100,186541,"(165, 785, 817, 1216)"
finca_00027,1,green,0.100,10345,"(866, 630, 1014, 739)"
finca_00028,1,green,0.100,10123,"(1134, 64, 1216, 249)"
finca_00029,1,green,0.100,34907,"(64, 1080, 442, 1216)"
finca_00030,1,green,0.100,5254,"(103, 176, 216, 243)"
finca_00031,1,green,0.100,3892,"(96, 121, 180, 192)"
finca_00032,1,green,0.100,625279,"(64, 64, 1070, 1216)"
finca_00033,1,green,0.100,55710,"(64, 308, 341, 646)"
finca_00034,1,green,0.100,10382,"(64, 64, 159, 203)"
finca_00035,1,green,0.100,11186,"(64, 271, 154, 430)"
finca_00036,1,green,0.100,47321,"(64, 972, 367, 1216)"
finca_00037,1,green,0.100,128400,"(64, 64, 784, 343)"
finca_00038,1,green,0.100,63759,"(493, 738, 775, 1087)"
finca_00039,1,green,0.100,61626,"(64, 608, 481, 855)"
finca_00040,1,green,0.100,17231,"(1046, 160, 1216, 310)"
finca_00041,1,green,0.100,14368,"(841, 1074, 999, 1216)"
finca_00042,1,green,0.100,5614,"(1145, 766, 1216, 865)"
finca_00043,1,green,0.100,5304,"(64, 697, 126, 814)"
finca_00044,1,green,0.100,4955,"(355, 1140, 438, 1216)"
finca_00045,1,green,0.100,10892,"(393, 64, 632, 128)"
finca_00046,1,green,0.100,15067,"(701, 64, 858, 197)"
finca_00047,1,green,0.100,47623,"(944, 799, 1216, 1103)"
finca_00048,1,green,0.100,3370,"(779, 1136, 860, 1216)"
finca_00049,1,green,0.100,198381,"(64, 232, 521, 866)"
finca_00050,1,green,0.100,36618,"(64, 74, 272, 380)"
finca_00051,1,green,0.100,68246,"(816, 893, 1216, 1216)"
finca_00052,1,green,0.100,15657,"(304, 707, 473, 854)"
finca_00053,1,green,0.100,11940,"(64, 1052, 160, 1216)"
finca_00054,1,green,0.100,13305,"(133, 78, 256, 241)"
finca_00055,1,green,0.100,27496,"(1024, 64, 1216, 301)"
finca_00056,1,green,0.100,213501,"(586, 64, 1216, 628)"
finca_00057,1,green,0.100,84989,"(800, 64, 1216, 336)"
finca_00058,1,green,0.100,18174,"(980, 1094, 1216, 1216)"
finca_00059,1,green,0.100,5167,"(344, 310, 429, 427)"
finca_00060,1,green,0.100,25221,"(726, 791, 936, 971)"
finca_00061,1,green,0.100,23732,"(64, 790, 248, 966)"
finca_00062,1,green,0.100,94620,"(769, 910, 1216, 1216)"
finca_00063,1,green,0.100,37186,"(963, 64, 1216, 272)"
finca_00064,1,green,0.100,111432,"(64, 64, 726, 389)"
finca_00065,1,green,0.100,4374,"(802, 64, 902, 120)"
finca_00066,1,green,0.100,69423,"(75, 64, 469, 370)"
finca_00067,1,green,0.100,69531,"(64, 84, 364, 462)"
finca_00068,1,green,0.100,41930,"(77, 984, 390, 1216)"
finca_00069,1,green,0.100,46878,"(64, 778, 267, 1137)"
finca_00070,1,green,0.100,43504,"(774, 64, 1216, 256)"
finca_00071,1,green,0.100,12626,"(1124, 64, 1216, 285)"
finca_00072,1,green,0.100,40232,"(895, 278, 1174, 531)"
finca_00073,1,green,0.100,222870,"(654, 428, 1216, 1216)"
finca_00074,1,green,0.100,7375,"(297, 977, 409, 1078)"
finca_00075,1,green,0.100,17927,"(64, 912, 224, 1125)"
finca_00076,1,green,0.100,47415,"(134, 752, 463, 968)"
finca_00077,1,green,0.100,634405,"(64, 64, 1130, 1216)"
finca_00078,1,green,0.100,37388,"(952, 545, 1216, 758)"
finca_00079,1,green,0.100,33099,"(300, 308, 670, 464)"
finca_00080,1,green,0.100,16067,"(112, 400, 367, 511)"
finca_00081,1,green,0.100,15180,"(1106, 75, 1216, 283)"
finca_00082,1,green,0.100,22705,"(779, 333, 974, 495)"
finca_00083,1,green,0.100,26586,"(1094, 530, 1216, 872)"
finca_00084,1,green,0.100,10619,"(576, 64, 683, 206)"
finca_00085,1,green,0.100,26636,"(80, 221, 292, 416)"
finca_00086,1,green,0.100,197157,"(612, 64, 1216, 623)"
finca_00087,1,green,0.100,63766,"(983, 836, 1216, 1216)"
finca_00088,1,green,0.100,4801,"(103, 179, 227, 255)"
finca_00089,1,green,0.100,8903,"(509, 64, 647, 184)"
finca_00090,1,green,0.100,83666,"(545, 950, 1091, 1216)"
finca_00091,1,green,0.100,46658,"(983, 903, 1216, 1216)"
finca_00092,1,green,0.100,22378,"(1098, 250, 1216, 544)"
finca_00093,1,green,0.100,33813,"(1033, 496, 1216, 780)"
finca_00094,1,green,0.100,9781,"(899, 1126, 1108, 1216)"
finca_00095,1,green,0.100,156793,"(64, 64, 461, 705)"
finca_00096,1,green,0.100,26191,"(949, 134, 1108, 379)"
finca_00097,1,green,0.100,2518,"(1052, 224, 1104, 288)"
finca_00098,1,green,0.100,341042,"(348, 490, 1216, 1216)"
finca_00099,1,green,0.100,3061,"(150, 1170, 248, 1216)"
finca_00100,1,green,0.100,26995,"(210, 767, 438, 971)"
